"Sr.no.";"Time";"temp1";"temp2";"temp3"
"1";"2024-01-21 14:49:18";"0";"0";"0"
"2";"2024-01-21 14:49:19";"0";"0";"0"
"3";"2024-01-21 14:49:20";"0";"0";"0"
"4";"2024-01-21 14:49:21";"0";"0";"0"
"5";"2024-01-21 14:49:22";"0";"0";"0"
"6";"2024-01-21 14:49:23";"0";"0";"0"
"7";"2024-01-21 14:49:24";"62";"0";"0"
"8";"2024-01-21 14:49:25";"62";"64";"0"
"9";"2024-01-21 14:49:25";"62";"64";"62"
"10";"2024-01-21 14:49:26";"62";"64";"62"
"11";"2024-01-21 14:49:27";"62";"64";"62"
"12";"2024-01-21 14:49:28";"62";"64";"62"
"13";"2024-01-21 14:49:29";"62";"64";"62"
"14";"2024-01-21 14:49:30";"62";"64";"62"
"15";"2024-01-21 14:49:31";"62";"64";"62"
"16";"2024-01-21 14:49:32";"62";"64";"62"
"17";"2024-01-21 14:49:33";"62";"64";"62"
"18";"2024-01-21 14:49:34";"62";"64";"62"
"19";"2024-01-21 14:49:35";"62";"64";"62"
"20";"2024-01-21 14:49:35";"62";"64";"63"
"21";"2024-01-21 14:49:36";"62";"64";"63"
"22";"2024-01-21 14:49:37";"62";"64";"63"
"23";"2024-01-21 14:49:38";"62";"64";"63"
"24";"2024-01-21 14:49:39";"62";"64";"63"
"25";"2024-01-21 14:49:40";"62";"64";"63"
"26";"2024-01-21 14:49:41";"62";"64";"63"
"27";"2024-01-21 14:49:42";"62";"64";"63"
"28";"2024-01-21 14:49:43";"62";"64";"63"
"29";"2024-01-21 14:49:44";"62";"64";"63"
"30";"2024-01-21 14:49:45";"62";"64";"63"
"31";"2024-01-21 14:49:45";"62";"64";"63"
"32";"2024-01-21 14:49:46";"62";"64";"63"
"33";"2024-01-21 14:49:47";"62";"64";"63"
"34";"2024-01-21 14:49:48";"62";"64";"63"
"35";"2024-01-21 14:49:49";"62";"64";"63"
"36";"2024-01-21 14:49:50";"62";"64";"63"
"37";"2024-01-21 14:49:51";"62";"64";"63"
"38";"2024-01-21 14:49:52";"62";"64";"63"
"39";"2024-01-21 14:49:53";"62";"64";"63"
"40";"2024-01-21 14:49:54";"63";"64";"63"
"41";"2024-01-21 14:49:55";"63";"64";"63"
"42";"2024-01-21 14:49:56";"63";"64";"63"
"43";"2024-01-21 14:49:56";"63";"64";"63"
"44";"2024-01-21 14:49:58";"63";"64";"63"
"45";"2024-01-21 14:49:59";"63";"64";"63"
"46";"2024-01-21 14:49:59";"63";"64";"63"
"47";"2024-01-21 14:50:00";"63";"64";"63"
"48";"2024-01-21 14:50:01";"63";"64";"63"
"49";"2024-01-21 14:50:03";"63";"64";"63"
"50";"2024-01-21 14:50:04";"63";"64";"63"
"51";"2024-01-21 14:50:04";"63";"64";"63"
"52";"2024-01-21 14:50:07";"63";"64";"63"
"53";"2024-01-21 14:50:08";"63";"64";"63"
"54";"2024-01-21 14:50:09";"63";"64";"63"
"55";"2024-01-21 14:50:09";"63";"64";"63"
"56";"2024-01-21 14:50:11";"63";"64";"63"
"57";"2024-01-21 14:50:11";"63";"64";"63"
"58";"2024-01-21 14:50:12";"63";"64";"63"
"59";"2024-01-21 14:50:13";"63";"64";"63"
"60";"2024-01-21 14:50:14";"63";"64";"63"
"61";"2024-01-21 14:50:16";"63";"64";"63"
"62";"2024-01-21 14:50:17";"63";"64";"63"
"63";"2024-01-21 14:50:18";"63";"64";"63"
"64";"2024-01-21 14:50:19";"63";"64";"63"
"65";"2024-01-21 14:50:20";"63";"64";"63"
"66";"2024-01-21 14:50:21";"63";"64";"63"
"67";"2024-01-21 14:50:22";"63";"64";"63"
"68";"2024-01-21 14:50:23";"63";"64";"63"
"69";"2024-01-21 14:50:27";"63";"64";"63"
"70";"2024-01-21 14:50:28";"63";"64";"63"
"71";"2024-01-21 14:50:29";"63";"64";"63"
"72";"2024-01-21 14:50:32";"63";"64";"63"
"73";"2024-01-21 14:50:33";"63";"64";"63"
"74";"2024-01-21 14:50:34";"62";"64";"63"
"75";"2024-01-21 14:50:35";"62";"64";"63"
"76";"2024-01-21 14:50:36";"62";"64";"63"
"77";"2024-01-21 14:50:37";"62";"64";"63"
"78";"2024-01-21 14:50:38";"62";"64";"63"
"79";"2024-01-21 14:50:39";"62";"64";"63"
"80";"2024-01-21 14:50:40";"62";"64";"63"
"81";"2024-01-21 14:50:41";"62";"64";"63"
"82";"2024-01-21 14:50:42";"62";"64";"63"
"83";"2024-01-21 14:50:43";"62";"64";"63"
"84";"2024-01-21 14:50:44";"62";"64";"63"
"85";"2024-01-21 14:50:44";"62";"64";"63"
"86";"2024-01-21 14:50:45";"62";"64";"63"
"87";"2024-01-21 14:50:46";"62";"64";"63"
"88";"2024-01-21 14:50:47";"62";"64";"63"
"89";"2024-01-21 14:50:48";"62";"64";"63"
"90";"2024-01-21 14:50:49";"62";"64";"63"
"91";"2024-01-21 14:50:50";"62";"64";"63"
"92";"2024-01-21 14:50:51";"62";"64";"63"
"93";"2024-01-21 14:50:52";"62";"64";"63"
"94";"2024-01-21 14:50:53";"62";"64";"63"
"95";"2024-01-21 14:50:53";"62";"64";"63"
"96";"2024-01-21 14:50:54";"63";"64";"63"
"97";"2024-01-21 14:50:56";"63";"65";"63"
"98";"2024-01-21 14:50:57";"63";"65";"63"
"99";"2024-01-21 14:51:00";"63";"65";"63"
"100";"2024-01-21 14:51:00";"63";"65";"63"
"101";"2024-01-21 14:51:03";"63";"65";"63"
"102";"2024-01-21 14:51:04";"63";"65";"63"
"103";"2024-01-21 14:51:05";"63";"65";"63"
"104";"2024-01-21 14:51:06";"63";"65";"63"
"105";"2024-01-21 14:51:07";"63";"65";"63"
"106";"2024-01-21 14:51:07";"63";"65";"63"
"107";"2024-01-21 14:51:08";"63";"65";"63"
"108";"2024-01-21 14:51:09";"63";"65";"63"
"109";"2024-01-21 14:51:10";"63";"65";"63"
"110";"2024-01-21 14:51:11";"63";"65";"63"
"111";"2024-01-21 14:51:12";"63";"65";"63"
"112";"2024-01-21 14:51:13";"63";"65";"63"
"113";"2024-01-21 14:51:14";"63";"65";"63"
"114";"2024-01-21 14:51:15";"63";"65";"63"
"115";"2024-01-21 14:51:16";"63";"65";"63"
"116";"2024-01-21 14:51:17";"63";"65";"63"
"117";"2024-01-21 14:51:17";"63";"65";"63"
"118";"2024-01-21 14:51:18";"63";"65";"63"
"119";"2024-01-21 14:51:19";"63";"65";"63"
"120";"2024-01-21 14:51:20";"63";"65";"63"
"121";"2024-01-21 14:51:21";"63";"65";"63"
"122";"2024-01-21 14:51:22";"63";"65";"63"
"123";"2024-01-21 14:51:23";"63";"65";"63"
"124";"2024-01-21 14:51:26";"63";"65";"63"
"125";"2024-01-21 14:51:26";"63";"65";"63"
"126";"2024-01-21 14:51:27";"63";"65";"63"
"127";"2024-01-21 14:51:28";"63";"65";"63"
"128";"2024-01-21 14:51:29";"63";"65";"63"
"129";"2024-01-21 14:51:29";"63";"65";"64"
"130";"2024-01-21 14:51:30";"63";"65";"64"
"131";"2024-01-21 14:51:31";"63";"65";"64"
"132";"2024-01-21 14:51:32";"63";"65";"64"
"133";"2024-01-21 14:51:33";"63";"65";"64"
"134";"2024-01-21 14:51:34";"63";"65";"64"
"135";"2024-01-21 14:51:35";"63";"65";"64"
"136";"2024-01-21 14:51:37";"63";"65";"64"
"137";"2024-01-21 14:51:37";"63";"65";"64"
"138";"2024-01-21 14:51:38";"63";"65";"64"
"139";"2024-01-21 14:51:39";"63";"65";"64"
"140";"2024-01-21 14:51:40";"63";"65";"64"
"141";"2024-01-21 14:51:41";"63";"65";"64"
"142";"2024-01-21 14:51:42";"63";"65";"64"
"143";"2024-01-21 14:51:42";"63";"65";"64"
"144";"2024-01-21 14:51:44";"63";"65";"64"
"145";"2024-01-21 14:51:45";"63";"65";"64"
"146";"2024-01-21 14:51:46";"63";"65";"64"
"147";"2024-01-21 14:51:47";"63";"65";"64"
"148";"2024-01-21 14:51:48";"63";"65";"64"
"149";"2024-01-21 14:51:49";"63";"65";"64"
"150";"2024-01-21 14:51:50";"63";"65";"64"
"151";"2024-01-21 14:51:50";"63";"65";"64"
"152";"2024-01-21 14:51:51";"63";"65";"64"
"153";"2024-01-21 14:51:52";"63";"65";"64"
"154";"2024-01-21 14:51:53";"63";"65";"64"
"155";"2024-01-21 14:51:54";"63";"65";"64"
"156";"2024-01-21 14:51:55";"63";"65";"64"
"157";"2024-01-21 14:51:56";"63";"65";"64"
"158";"2024-01-21 14:51:57";"63";"65";"64"
"159";"2024-01-21 14:52:01";"63";"65";"64"
"160";"2024-01-21 14:52:03";"63";"65";"64"
"161";"2024-01-21 14:52:04";"63";"65";"64"
"162";"2024-01-21 14:52:04";"63";"65";"64"
"163";"2024-01-21 14:52:05";"63";"65";"64"
"164";"2024-01-21 14:52:06";"63";"65";"64"
"165";"2024-01-21 14:52:07";"63";"65";"64"
"166";"2024-01-21 14:52:08";"63";"65";"64"
"167";"2024-01-21 14:52:09";"63";"65";"64"
"168";"2024-01-21 14:52:10";"63";"65";"64"
"169";"2024-01-21 14:52:10";"63";"65";"64"
"170";"2024-01-21 14:52:11";"63";"65";"64"
"171";"2024-01-21 14:52:12";"63";"65";"64"
"172";"2024-01-21 14:52:13";"63";"65";"64"
"173";"2024-01-21 14:52:14";"63";"65";"64"
"174";"2024-01-21 14:52:15";"63";"65";"64"
"175";"2024-01-21 14:52:16";"63";"65";"64"
"176";"2024-01-21 14:52:17";"63";"65";"64"
"177";"2024-01-21 14:52:18";"63";"65";"64"
"178";"2024-01-21 14:52:19";"63";"65";"64"
"179";"2024-01-21 14:52:20";"63";"65";"64"
"180";"2024-01-21 14:52:20";"63";"65";"64"
"181";"2024-01-21 14:52:21";"63";"65";"64"
"182";"2024-01-21 14:52:22";"63";"65";"64"
"183";"2024-01-21 14:52:23";"63";"65";"64"
"184";"2024-01-21 14:52:24";"63";"65";"64"
"185";"2024-01-21 14:52:25";"63";"65";"64"
"186";"2024-01-21 14:52:26";"63";"65";"64"
"187";"2024-01-21 14:52:27";"63";"65";"64"
"188";"2024-01-21 14:52:28";"63";"65";"64"
"189";"2024-01-21 14:52:29";"63";"65";"64"
"190";"2024-01-21 14:52:30";"63";"65";"64"
"191";"2024-01-21 14:52:31";"63";"65";"64"
"192";"2024-01-21 14:52:32";"63";"65";"64"
"193";"2024-01-21 14:52:35";"63";"65";"64"
"194";"2024-01-21 14:52:35";"63";"65";"64"
"195";"2024-01-21 14:52:36";"63";"65";"64"
"196";"2024-01-21 14:52:37";"63";"65";"64"
"197";"2024-01-21 14:52:38";"63";"65";"64"
"198";"2024-01-21 14:52:39";"63";"65";"64"
"199";"2024-01-21 14:52:41";"63";"65";"64"
"200";"2024-01-21 14:52:42";"63";"65";"64"
"201";"2024-01-21 14:52:43";"63";"65";"64"
"202";"2024-01-21 14:52:44";"63";"65";"64"
"203";"2024-01-21 14:52:44";"63";"65";"64"
"204";"2024-01-21 14:52:46";"63";"65";"64"
"205";"2024-01-21 14:52:46";"63";"65";"64"
"206";"2024-01-21 14:52:47";"63";"65";"64"
"207";"2024-01-21 14:52:48";"63";"65";"64"
"208";"2024-01-21 14:52:49";"62";"65";"64"
"209";"2024-01-21 14:52:50";"62";"64";"64"
"210";"2024-01-21 14:52:50";"62";"64";"63"
"211";"2024-01-21 14:52:51";"62";"64";"63"
"212";"2024-01-21 14:52:52";"62";"64";"63"
"213";"2024-01-21 14:52:53";"62";"64";"63"
"214";"2024-01-21 14:52:55";"62";"64";"63"
"215";"2024-01-21 14:52:55";"62";"64";"63"
"216";"2024-01-21 14:52:57";"62";"64";"63"
"217";"2024-01-21 14:52:57";"62";"64";"63"
"218";"2024-01-21 14:52:58";"62";"64";"63"
"219";"2024-01-21 14:52:59";"62";"64";"63"
"220";"2024-01-21 14:53:00";"62";"64";"63"
"221";"2024-01-21 14:53:00";"62";"64";"63"
"222";"2024-01-21 14:53:02";"62";"64";"63"
"223";"2024-01-21 14:53:02";"62";"64";"63"
"224";"2024-01-21 14:53:03";"62";"64";"63"
"225";"2024-01-21 14:53:05";"62";"64";"63"
"226";"2024-01-21 14:53:05";"62";"64";"63"
"227";"2024-01-21 14:53:07";"62";"64";"63"
"228";"2024-01-21 14:53:07";"62";"64";"63"
"229";"2024-01-21 14:53:11";"62";"64";"63"
"230";"2024-01-21 14:53:11";"62";"64";"63"
"231";"2024-01-21 14:53:13";"62";"64";"63"
"232";"2024-01-21 14:53:14";"62";"64";"63"
"233";"2024-01-21 14:53:14";"62";"64";"63"
"234";"2024-01-21 14:53:15";"62";"64";"63"
"235";"2024-01-21 14:53:17";"62";"64";"63"
"236";"2024-01-21 14:53:17";"62";"64";"63"
"237";"2024-01-21 14:53:18";"62";"64";"63"
"238";"2024-01-21 14:53:19";"62";"64";"63"
"239";"2024-01-21 14:53:20";"62";"64";"63"
"240";"2024-01-21 14:53:21";"62";"64";"63"
"241";"2024-01-21 14:53:22";"62";"64";"63"
"242";"2024-01-21 14:53:23";"62";"64";"63"
"243";"2024-01-21 14:53:24";"62";"64";"63"
"244";"2024-01-21 14:53:24";"62";"64";"63"
"245";"2024-01-21 14:53:25";"62";"64";"63"
"246";"2024-01-21 14:53:26";"62";"64";"63"
"247";"2024-01-21 14:53:28";"62";"64";"63"
"248";"2024-01-21 14:53:28";"62";"64";"63"
"249";"2024-01-21 14:53:29";"62";"64";"63"
"250";"2024-01-21 14:53:31";"62";"64";"63"
"251";"2024-01-21 14:53:31";"62";"64";"63"
"252";"2024-01-21 14:53:32";"62";"64";"63"
"253";"2024-01-21 14:53:33";"62";"64";"63"
"254";"2024-01-21 14:53:34";"62";"64";"63"
"255";"2024-01-21 14:53:35";"62";"64";"63"
"256";"2024-01-21 14:53:36";"62";"64";"63"
"257";"2024-01-21 14:53:37";"62";"64";"63"
"258";"2024-01-21 14:53:38";"62";"64";"63"
"259";"2024-01-21 14:53:38";"62";"64";"63"
"260";"2024-01-21 14:53:40";"62";"64";"63"
"261";"2024-01-21 14:53:40";"62";"64";"63"
"262";"2024-01-21 14:53:40";"62";"64";"63"
"263";"2024-01-21 14:53:42";"62";"64";"63"
"264";"2024-01-21 14:53:45";"62";"64";"63"
"265";"2024-01-21 14:53:46";"62";"64";"63"
"266";"2024-01-21 14:53:47";"62";"64";"63"
"267";"2024-01-21 14:53:48";"62";"64";"63"
"268";"2024-01-21 14:53:49";"62";"64";"63"
"269";"2024-01-21 14:53:50";"61";"64";"63"
"270";"2024-01-21 14:53:50";"61";"64";"63"
"271";"2024-01-21 14:53:51";"61";"64";"63"
"272";"2024-01-21 14:53:52";"61";"64";"63"
"273";"2024-01-21 14:53:53";"61";"64";"63"
"274";"2024-01-21 14:53:54";"61";"64";"63"
"275";"2024-01-21 14:53:55";"61";"64";"63"
"276";"2024-01-21 14:53:56";"61";"64";"63"
"277";"2024-01-21 14:53:57";"61";"64";"63"
"278";"2024-01-21 14:53:58";"61";"64";"63"
"279";"2024-01-21 14:53:59";"61";"64";"63"
"280";"2024-01-21 14:53:59";"61";"64";"63"
"281";"2024-01-21 14:54:01";"61";"64";"63"
"282";"2024-01-21 14:54:01";"61";"64";"62"
"283";"2024-01-21 14:54:02";"61";"64";"62"
"284";"2024-01-21 14:54:03";"61";"64";"62"
"285";"2024-01-21 14:54:04";"61";"64";"62"
"286";"2024-01-21 14:54:05";"61";"64";"62"
"287";"2024-01-21 14:54:06";"61";"64";"62"
"288";"2024-01-21 14:54:07";"61";"64";"62"
"289";"2024-01-21 14:54:08";"61";"64";"62"
"290";"2024-01-21 14:54:08";"61";"64";"62"
"291";"2024-01-21 14:54:10";"60";"64";"62"
"292";"2024-01-21 14:54:11";"60";"63";"62"
"293";"2024-01-21 14:54:11";"60";"63";"62"
"294";"2024-01-21 14:54:12";"60";"63";"62"
"295";"2024-01-21 14:54:13";"60";"63";"62"
"296";"2024-01-21 14:54:14";"60";"63";"62"
"297";"2024-01-21 14:54:15";"60";"63";"62"
"298";"2024-01-21 14:54:16";"60";"63";"62"
"299";"2024-01-21 14:54:19";"60";"63";"62"
"300";"2024-01-21 14:54:19";"60";"63";"62"
"301";"2024-01-21 14:54:20";"60";"63";"62"
"302";"2024-01-21 14:54:21";"60";"63";"62"
"303";"2024-01-21 14:54:22";"60";"63";"62"
"304";"2024-01-21 14:54:22";"60";"63";"62"
"305";"2024-01-21 14:54:23";"60";"63";"62"
"306";"2024-01-21 14:54:24";"60";"63";"62"
"307";"2024-01-21 14:54:25";"60";"63";"62"
"308";"2024-01-21 14:54:26";"60";"63";"62"
"309";"2024-01-21 14:54:27";"60";"63";"62"
"310";"2024-01-21 14:54:28";"60";"63";"62"
"311";"2024-01-21 14:54:29";"60";"63";"62"
"312";"2024-01-21 14:54:30";"60";"63";"62"
"313";"2024-01-21 14:54:31";"59";"63";"62"
"314";"2024-01-21 14:54:32";"59";"63";"62"
"315";"2024-01-21 14:54:32";"59";"63";"61"
"316";"2024-01-21 14:54:33";"59";"63";"61"
"317";"2024-01-21 14:54:34";"59";"63";"61"
"318";"2024-01-21 14:54:35";"59";"63";"61"
"319";"2024-01-21 14:54:36";"59";"63";"61"
"320";"2024-01-21 14:54:37";"59";"63";"61"
"321";"2024-01-21 14:54:38";"59";"63";"61"
"322";"2024-01-21 14:54:39";"59";"63";"61"
"323";"2024-01-21 14:54:40";"59";"63";"61"
"324";"2024-01-21 14:54:41";"59";"63";"61"
"325";"2024-01-21 14:54:42";"59";"63";"61"
"326";"2024-01-21 14:54:42";"59";"63";"61"
"327";"2024-01-21 14:54:43";"59";"63";"61"
"328";"2024-01-21 14:54:44";"59";"63";"61"
"329";"2024-01-21 14:54:45";"59";"63";"61"
"330";"2024-01-21 14:54:46";"59";"63";"61"
"331";"2024-01-21 14:54:47";"59";"63";"61"
"332";"2024-01-21 14:54:48";"59";"63";"61"
"333";"2024-01-21 14:54:49";"59";"63";"61"
"334";"2024-01-21 14:54:50";"59";"63";"61"
"335";"2024-01-21 14:54:53";"59";"63";"61"
"336";"2024-01-21 14:54:53";"59";"63";"61"
"337";"2024-01-21 14:54:53";"59";"63";"61"
"338";"2024-01-21 14:54:55";"59";"63";"61"
"339";"2024-01-21 14:54:56";"59";"63";"61"
"340";"2024-01-21 14:54:57";"59";"63";"61"
"341";"2024-01-21 14:54:58";"59";"63";"61"
"342";"2024-01-21 14:54:59";"59";"63";"61"
"343";"2024-01-21 14:55:00";"59";"63";"61"
"344";"2024-01-21 14:55:01";"58";"63";"61"
"345";"2024-01-21 14:55:02";"58";"62";"61"
"346";"2024-01-21 14:55:02";"58";"62";"61"
"347";"2024-01-21 14:55:03";"58";"62";"61"
"348";"2024-01-21 14:55:04";"58";"62";"61"
"349";"2024-01-21 14:55:05";"58";"62";"61"
"350";"2024-01-21 14:55:06";"58";"62";"61"
"351";"2024-01-21 14:55:07";"58";"62";"61"
"352";"2024-01-21 14:55:08";"58";"62";"61"
"353";"2024-01-21 14:55:09";"58";"62";"61"
"354";"2024-01-21 14:55:10";"58";"62";"61"
"355";"2024-01-21 14:55:11";"58";"62";"61"
"356";"2024-01-21 14:55:12";"58";"62";"61"
"357";"2024-01-21 14:55:12";"58";"62";"60"
"358";"2024-01-21 14:55:13";"58";"62";"60"
"359";"2024-01-21 14:55:14";"58";"62";"60"
"360";"2024-01-21 14:55:15";"58";"62";"60"
"361";"2024-01-21 14:55:16";"58";"62";"60"
"362";"2024-01-21 14:55:17";"58";"62";"60"
"363";"2024-01-21 14:55:18";"58";"62";"60"
"364";"2024-01-21 14:55:19";"58";"62";"60"
"365";"2024-01-21 14:55:20";"58";"62";"60"
"366";"2024-01-21 14:55:21";"58";"62";"60"
"367";"2024-01-21 14:55:22";"58";"62";"60"
"368";"2024-01-21 14:55:22";"58";"62";"60"
"369";"2024-01-21 14:55:23";"58";"62";"60"
"370";"2024-01-21 14:55:24";"58";"62";"60"
"371";"2024-01-21 14:55:25";"58";"62";"60"
"372";"2024-01-21 14:55:26";"58";"62";"60"
"373";"2024-01-21 14:55:29";"58";"62";"60"
"374";"2024-01-21 14:55:29";"58";"62";"60"
"375";"2024-01-21 14:55:30";"58";"62";"60"
"376";"2024-01-21 14:55:31";"57";"62";"60"
"377";"2024-01-21 14:55:32";"57";"62";"60"
"378";"2024-01-21 14:55:32";"57";"62";"60"
"379";"2024-01-21 14:55:33";"57";"62";"60"
"380";"2024-01-21 14:55:34";"57";"62";"60"
"381";"2024-01-21 14:55:35";"57";"62";"60"
"382";"2024-01-21 14:55:37";"57";"62";"60"
"383";"2024-01-21 14:55:38";"57";"62";"60"
"384";"2024-01-21 14:55:39";"57";"62";"60"
"385";"2024-01-21 14:55:40";"57";"62";"60"
"386";"2024-01-21 14:55:41";"57";"62";"60"
"387";"2024-01-21 14:55:42";"57";"62";"60"
"388";"2024-01-21 14:55:42";"57";"62";"60"
"389";"2024-01-21 14:55:43";"57";"62";"60"
"390";"2024-01-21 14:55:44";"57";"62";"60"
"391";"2024-01-21 14:55:45";"57";"62";"60"
"392";"2024-01-21 14:55:46";"57";"62";"60"
"393";"2024-01-21 14:55:47";"57";"62";"60"
"394";"2024-01-21 14:55:48";"57";"62";"60"
"395";"2024-01-21 14:55:49";"57";"62";"60"
"396";"2024-01-21 14:55:50";"57";"62";"60"
"397";"2024-01-21 14:55:51";"57";"62";"60"
"398";"2024-01-21 14:55:52";"57";"61";"60"
"399";"2024-01-21 14:55:52";"57";"61";"60"
"400";"2024-01-21 14:55:53";"57";"61";"60"
"401";"2024-01-21 14:55:54";"57";"61";"60"
"402";"2024-01-21 14:55:55";"57";"61";"60"
"403";"2024-01-21 14:55:56";"57";"61";"60"
"404";"2024-01-21 14:55:57";"57";"61";"60"
"405";"2024-01-21 14:55:58";"57";"61";"60"
"406";"2024-01-21 14:55:59";"57";"61";"60"
"407";"2024-01-21 14:56:00";"57";"61";"60"
"408";"2024-01-21 14:56:03";"57";"61";"60"
"409";"2024-01-21 14:56:04";"57";"61";"60"
"410";"2024-01-21 14:56:04";"57";"61";"59"
"411";"2024-01-21 14:56:05";"57";"61";"59"
"412";"2024-01-21 14:56:06";"57";"61";"59"
"413";"2024-01-21 14:56:07";"57";"61";"59"
"414";"2024-01-21 14:56:08";"57";"61";"59"
"415";"2024-01-21 14:56:09";"57";"61";"59"
"416";"2024-01-21 14:56:10";"57";"61";"59"
"417";"2024-01-21 14:56:11";"57";"61";"59"
"418";"2024-01-21 14:56:12";"57";"61";"59"
"419";"2024-01-21 14:56:12";"57";"61";"59"
"420";"2024-01-21 14:56:13";"57";"61";"59"
"421";"2024-01-21 14:56:14";"57";"61";"59"
"422";"2024-01-21 14:56:15";"57";"61";"59"
"423";"2024-01-21 14:56:16";"57";"61";"59"
"424";"2024-01-21 14:56:17";"57";"61";"59"
"425";"2024-01-21 14:56:18";"57";"61";"59"
"426";"2024-01-21 14:56:19";"57";"61";"59"
"427";"2024-01-21 14:56:20";"57";"61";"59"
"428";"2024-01-21 14:56:21";"56";"61";"59"
"429";"2024-01-21 14:56:22";"56";"61";"59"
"430";"2024-01-21 14:56:22";"56";"61";"59"
"431";"2024-01-21 14:56:23";"56";"61";"59"
"432";"2024-01-21 14:56:24";"56";"61";"59"
"433";"2024-01-21 14:56:25";"56";"61";"59"
"434";"2024-01-21 14:56:26";"56";"61";"59"
"435";"2024-01-21 14:56:27";"56";"61";"59"
"436";"2024-01-21 14:56:28";"56";"61";"59"
"437";"2024-01-21 14:56:29";"56";"61";"59"
"438";"2024-01-21 14:56:30";"56";"61";"59"
"439";"2024-01-21 14:56:31";"56";"61";"59"
"440";"2024-01-21 14:56:32";"56";"61";"59"
"441";"2024-01-21 14:56:32";"56";"61";"59"
"442";"2024-01-21 14:56:33";"56";"61";"59"
"443";"2024-01-21 14:56:34";"56";"61";"59"
"444";"2024-01-21 14:56:37";"56";"61";"59"
"445";"2024-01-21 14:56:37";"56";"61";"59"
"446";"2024-01-21 14:56:38";"56";"61";"59"
"447";"2024-01-21 14:56:39";"56";"61";"59"
"448";"2024-01-21 14:56:40";"56";"61";"59"
"449";"2024-01-21 14:56:41";"56";"61";"59"
"450";"2024-01-21 14:56:42";"56";"61";"59"
"451";"2024-01-21 14:56:42";"56";"61";"59"
"452";"2024-01-21 14:56:43";"56";"61";"59"
"453";"2024-01-21 14:56:44";"56";"61";"59"
"454";"2024-01-21 14:56:45";"56";"61";"59"
"455";"2024-01-21 14:56:49";"56";"61";"59"
"456";"2024-01-21 14:57:00";"56";"61";"59"
"457";"2024-01-21 14:57:04";"56";"61";"59"
"458";"2024-01-21 14:57:06";"56";"61";"59"
"459";"2024-01-21 14:57:06";"56";"61";"59"
"460";"2024-01-21 14:57:07";"56";"61";"59"
"461";"2024-01-21 14:57:08";"56";"61";"59"
"462";"2024-01-21 14:57:11";"56";"60";"59"
"463";"2024-01-21 14:57:13";"56";"60";"57"
"464";"2024-01-21 14:57:14";"56";"60";"57"
"465";"2024-01-21 14:57:15";"56";"60";"57"
"466";"2024-01-21 14:57:16";"56";"60";"57"
"467";"2024-01-21 14:57:17";"56";"60";"57"
"468";"2024-01-21 14:57:18";"56";"60";"57"
"469";"2024-01-21 14:57:19";"56";"60";"57"
"470";"2024-01-21 14:57:19";"56";"60";"57"
"471";"2024-01-21 14:57:26";"0";"0";"0"
"472";"2024-01-21 14:57:40";"0";"0";"0"
"473";"2024-01-21 14:57:41";"0";"0";"0"
"474";"2024-01-21 14:57:42";"0";"0";"0"
"475";"2024-01-21 14:57:47";"0";"0";"0"
"476";"2024-01-21 15:08:05";"0";"0";"0"
"477";"2024-01-21 15:08:06";"0";"0";"0"
"478";"2024-01-21 15:08:07";"0";"0";"0"
"479";"2024-01-21 15:08:08";"0";"0";"0"
"480";"2024-01-21 15:08:09";"0";"0";"0"
"481";"2024-01-21 15:08:10";"0";"0";"0"
"482";"2024-01-21 15:08:11";"52";"0";"0"
"483";"2024-01-21 15:08:12";"52";"57";"0"
"484";"2024-01-21 15:08:12";"52";"57";"56"
"485";"2024-01-21 15:08:13";"52";"57";"56"
"486";"2024-01-21 15:08:14";"52";"57";"56"
"487";"2024-01-21 15:08:15";"52";"57";"56"
"488";"2024-01-21 15:08:16";"52";"57";"56"
"489";"2024-01-21 15:08:18";"52";"57";"56"
"490";"2024-01-21 15:08:18";"52";"57";"56"
"491";"2024-01-21 15:08:19";"52";"57";"56"
"492";"2024-01-21 15:08:20";"52";"57";"56"
"493";"2024-01-21 15:08:21";"52";"57";"56"
"494";"2024-01-21 15:08:22";"52";"57";"56"
"495";"2024-01-21 15:08:22";"52";"57";"56"
"496";"2024-01-21 15:08:23";"52";"57";"56"
"497";"2024-01-21 15:08:24";"52";"57";"56"
"498";"2024-01-21 15:08:25";"52";"57";"56"
"499";"2024-01-21 15:08:26";"52";"57";"56"
"500";"2024-01-21 15:08:27";"52";"57";"56"
"501";"2024-01-21 15:08:28";"52";"57";"56"
"502";"2024-01-21 15:08:29";"52";"57";"56"
"503";"2024-01-21 15:08:30";"52";"57";"56"
"504";"2024-01-21 15:08:31";"52";"57";"56"
"505";"2024-01-21 15:08:32";"52";"57";"56"
"506";"2024-01-21 15:08:32";"52";"57";"56"
"507";"2024-01-21 15:08:36";"52";"57";"56"
"508";"2024-01-21 15:08:36";"52";"57";"56"
"509";"2024-01-21 15:08:37";"52";"57";"56"
"510";"2024-01-21 15:08:38";"52";"57";"56"
"511";"2024-01-21 15:08:39";"52";"57";"56"
"512";"2024-01-21 15:08:40";"52";"57";"56"
"513";"2024-01-21 15:08:41";"51";"57";"56"
"514";"2024-01-21 15:08:42";"51";"57";"56"
"515";"2024-01-21 15:08:42";"51";"57";"56"
"516";"2024-01-21 15:08:43";"51";"57";"56"
"517";"2024-01-21 15:08:44";"51";"57";"56"
"518";"2024-01-21 15:08:45";"51";"57";"56"
"519";"2024-01-21 15:08:46";"51";"57";"56"
"520";"2024-01-21 15:08:48";"51";"57";"56"
"521";"2024-01-21 15:08:48";"51";"57";"56"
"522";"2024-01-21 15:08:50";"51";"57";"56"
"523";"2024-01-21 15:08:50";"51";"57";"56"
"524";"2024-01-21 15:08:51";"51";"57";"56"
"525";"2024-01-21 15:08:52";"51";"56";"56"
"526";"2024-01-21 15:08:56";"51";"56";"56"
"527";"2024-01-21 15:08:56";"51";"56";"56"
"528";"2024-01-21 15:08:57";"51";"56";"56"
"529";"2024-01-21 15:08:58";"51";"56";"56"
"530";"2024-01-21 15:08:59";"51";"56";"56"
"531";"2024-01-21 15:09:00";"51";"56";"56"
"532";"2024-01-21 15:09:01";"52";"56";"56"
"533";"2024-01-21 15:09:02";"52";"56";"56"
"534";"2024-01-21 15:09:02";"52";"56";"56"
"535";"2024-01-21 15:09:06";"52";"56";"56"
"536";"2024-01-21 15:09:06";"52";"56";"56"
"537";"2024-01-21 15:09:07";"52";"56";"56"
"538";"2024-01-21 15:09:08";"52";"56";"56"
"539";"2024-01-21 15:09:09";"52";"56";"56"
"540";"2024-01-21 15:09:10";"52";"56";"56"
"541";"2024-01-21 15:09:11";"52";"56";"56"
"542";"2024-01-21 15:09:12";"52";"56";"56"
"543";"2024-01-21 15:09:12";"52";"56";"56"
"544";"2024-01-21 15:09:13";"52";"56";"56"
"545";"2024-01-21 15:09:14";"52";"56";"56"
"546";"2024-01-21 15:09:15";"52";"56";"56"
"547";"2024-01-21 15:09:16";"52";"56";"56"
"548";"2024-01-21 15:09:17";"52";"56";"56"
"549";"2024-01-21 15:09:18";"52";"56";"56"
"550";"2024-01-21 15:09:19";"52";"56";"56"
"551";"2024-01-21 15:09:20";"52";"56";"56"
"552";"2024-01-21 15:09:21";"52";"56";"56"
"553";"2024-01-21 15:18:50";"0";"0";"0"
"554";"2024-01-21 15:18:51";"0";"0";"0"
"555";"2024-01-21 15:18:53";"0";"0";"0"
"556";"2024-01-21 15:18:56";"0";"0";"0"
"557";"2024-01-21 15:18:56";"0";"0";"0"
"558";"2024-01-21 15:19:00";"0";"0";"0"
"559";"2024-01-21 15:19:00";"49";"0";"0"
"560";"2024-01-21 15:19:02";"49";"53";"0"
"561";"2024-01-21 15:19:02";"49";"53";"53"
"562";"2024-01-21 15:19:03";"49";"53";"53"
"563";"2024-01-21 15:19:04";"49";"53";"53"
"564";"2024-01-21 15:19:05";"49";"53";"53"
"565";"2024-01-21 15:19:06";"49";"53";"53"
"566";"2024-01-21 15:19:07";"49";"53";"53"
"567";"2024-01-21 15:19:08";"49";"53";"53"
"568";"2024-01-21 15:19:09";"49";"53";"53"
"569";"2024-01-21 15:19:10";"49";"53";"53"
"570";"2024-01-21 15:19:11";"49";"53";"53"
"571";"2024-01-21 15:19:11";"49";"53";"53"
"572";"2024-01-21 15:19:12";"49";"53";"53"
"573";"2024-01-21 15:19:13";"49";"53";"53"
"574";"2024-01-21 15:19:15";"49";"53";"53"
"575";"2024-01-21 15:19:15";"49";"53";"53"
"576";"2024-01-21 15:19:16";"49";"53";"53"
"577";"2024-01-21 15:19:17";"49";"53";"53"
"578";"2024-01-21 15:19:18";"49";"53";"53"
"579";"2024-01-21 15:19:19";"49";"53";"53"
"580";"2024-01-21 15:19:19";"49";"53";"53"
"581";"2024-01-21 15:19:21";"49";"53";"53"
"582";"2024-01-21 15:19:21";"49";"53";"53"
"583";"2024-01-21 15:19:25";"49";"53";"53"
"584";"2024-01-21 15:19:25";"49";"53";"53"
"585";"2024-01-21 15:19:26";"49";"53";"53"
"586";"2024-01-21 15:19:27";"49";"53";"53"
"587";"2024-01-21 15:19:28";"49";"53";"53"
"588";"2024-01-21 15:19:29";"49";"53";"53"
"589";"2024-01-21 15:19:30";"49";"53";"53"
"590";"2024-01-21 15:19:31";"49";"53";"53"
"591";"2024-01-21 15:19:32";"49";"53";"53"
"592";"2024-01-21 15:19:33";"49";"53";"53"
"593";"2024-01-21 15:19:34";"49";"53";"53"
"594";"2024-01-21 15:19:35";"49";"53";"53"
"595";"2024-01-21 15:19:36";"49";"53";"53"
"596";"2024-01-21 15:19:37";"49";"53";"53"
"597";"2024-01-21 15:19:38";"48";"53";"53"
"598";"2024-01-21 15:19:39";"48";"53";"53"
"599";"2024-01-21 15:19:39";"48";"53";"52"
"600";"2024-01-21 15:19:40";"48";"53";"52"
"601";"2024-01-21 15:19:41";"48";"53";"52"
"602";"2024-01-21 15:19:42";"48";"53";"52"
"603";"2024-01-21 15:19:43";"48";"53";"52"
"604";"2024-01-21 15:19:44";"48";"53";"52"
"605";"2024-01-21 15:19:45";"48";"53";"52"
"606";"2024-01-21 15:19:46";"48";"53";"52"
"607";"2024-01-21 15:19:47";"48";"53";"52"
"608";"2024-01-21 15:19:48";"48";"53";"52"
"609";"2024-01-21 15:19:49";"48";"53";"52"
"610";"2024-01-21 15:19:49";"48";"53";"52"
"611";"2024-01-21 15:19:50";"48";"53";"52"
"612";"2024-01-21 15:19:51";"48";"53";"52"
"613";"2024-01-21 15:19:52";"48";"53";"52"
"614";"2024-01-21 15:19:53";"48";"53";"52"
"615";"2024-01-21 15:19:54";"48";"53";"52"
"616";"2024-01-21 15:19:55";"48";"53";"52"
"617";"2024-01-21 15:19:56";"48";"53";"52"
"618";"2024-01-21 15:19:57";"48";"53";"52"
"619";"2024-01-21 15:19:58";"48";"53";"52"
"620";"2024-01-21 15:19:59";"48";"53";"52"
"621";"2024-01-21 15:19:59";"48";"53";"52"
"622";"2024-01-21 15:20:00";"48";"53";"52"
"623";"2024-01-21 15:20:01";"48";"53";"52"
"624";"2024-01-21 15:20:02";"48";"53";"52"
"625";"2024-01-21 15:20:03";"48";"53";"52"
"626";"2024-01-21 15:20:04";"48";"53";"52"
"627";"2024-01-21 15:20:05";"48";"53";"52"
"628";"2024-01-21 15:20:06";"48";"53";"52"
"629";"2024-01-21 15:20:07";"48";"53";"52"
"630";"2024-01-21 15:20:08";"48";"53";"52"
"631";"2024-01-21 15:20:09";"48";"53";"52"
"632";"2024-01-21 15:20:09";"48";"53";"52"
"633";"2024-01-21 15:20:10";"48";"53";"52"
"634";"2024-01-21 15:20:11";"48";"53";"52"
"635";"2024-01-21 15:20:12";"48";"53";"52"
"636";"2024-01-21 15:20:13";"48";"53";"52"
"637";"2024-01-21 15:20:14";"48";"53";"52"
"638";"2024-01-21 15:20:15";"48";"53";"52"
"639";"2024-01-21 15:20:16";"48";"53";"52"
"640";"2024-01-21 15:20:17";"48";"53";"52"
"641";"2024-01-21 15:20:18";"49";"53";"52"
"642";"2024-01-21 15:20:19";"49";"53";"52"
"643";"2024-01-21 15:20:19";"49";"53";"52"
"644";"2024-01-21 15:20:20";"49";"53";"52"
"645";"2024-01-21 15:20:21";"49";"53";"52"
"646";"2024-01-21 15:20:22";"49";"53";"52"
"647";"2024-01-21 15:20:23";"49";"53";"52"
"648";"2024-01-21 15:20:24";"49";"53";"52"
"649";"2024-01-21 15:20:25";"49";"53";"52"
"650";"2024-01-21 15:20:26";"49";"53";"52"
"651";"2024-01-21 15:20:27";"49";"53";"52"
"652";"2024-01-21 15:20:28";"49";"53";"52"
"653";"2024-01-21 15:20:29";"49";"53";"52"
"654";"2024-01-21 15:20:29";"49";"53";"52"
"655";"2024-01-21 15:20:30";"49";"53";"52"
"656";"2024-01-21 15:20:31";"49";"53";"52"
"657";"2024-01-21 15:20:32";"49";"53";"52"
"658";"2024-01-21 15:20:33";"49";"53";"52"
"659";"2024-01-21 15:20:34";"49";"53";"52"
"660";"2024-01-21 15:20:35";"49";"53";"52"
"661";"2024-01-21 15:20:36";"49";"53";"52"
"662";"2024-01-21 15:20:37";"49";"53";"52"
"663";"2024-01-21 15:20:38";"49";"53";"52"
"664";"2024-01-21 15:20:39";"49";"53";"52"
"665";"2024-01-21 15:20:39";"49";"53";"53"
"666";"2024-01-21 15:20:40";"49";"53";"53"
"667";"2024-01-21 15:20:41";"49";"53";"53"
"668";"2024-01-21 15:20:42";"49";"53";"53"
"669";"2024-01-21 15:20:43";"49";"53";"53"
"670";"2024-01-21 15:20:44";"49";"53";"53"
"671";"2024-01-21 15:20:45";"49";"53";"53"
"672";"2024-01-21 15:20:46";"49";"53";"53"
"673";"2024-01-21 15:20:47";"49";"53";"53"
"674";"2024-01-21 15:20:48";"49";"53";"53"
"675";"2024-01-21 15:20:49";"49";"53";"53"
"676";"2024-01-21 15:20:49";"49";"53";"53"
"677";"2024-01-21 15:20:50";"49";"53";"53"
"678";"2024-01-21 15:20:52";"49";"53";"53"
"679";"2024-01-21 15:20:52";"49";"53";"53"
"680";"2024-01-21 15:20:53";"49";"53";"53"
"681";"2024-01-21 15:20:54";"49";"53";"53"
"682";"2024-01-21 15:20:55";"49";"53";"53"
"683";"2024-01-21 15:20:56";"49";"53";"53"
"684";"2024-01-21 15:20:57";"49";"53";"53"
"685";"2024-01-21 15:20:58";"49";"53";"53"
"686";"2024-01-21 15:20:59";"49";"53";"53"
"687";"2024-01-21 15:20:59";"49";"53";"53"
"688";"2024-01-21 15:21:00";"49";"53";"53"
"689";"2024-01-21 15:21:01";"49";"53";"53"
"690";"2024-01-21 15:21:02";"49";"53";"53"
"691";"2024-01-21 15:21:03";"49";"53";"53"
"692";"2024-01-21 15:21:04";"49";"53";"53"
"693";"2024-01-21 15:21:05";"49";"53";"53"
"694";"2024-01-21 15:21:06";"49";"53";"53"
"695";"2024-01-21 15:21:07";"49";"53";"53"
"696";"2024-01-21 15:21:08";"49";"53";"53"
"697";"2024-01-21 15:21:09";"49";"53";"53"
"698";"2024-01-21 15:21:09";"49";"53";"53"
"699";"2024-01-21 15:21:10";"49";"53";"53"
"700";"2024-01-21 15:21:11";"49";"53";"53"
"701";"2024-01-21 15:21:12";"49";"53";"53"
"702";"2024-01-21 15:21:13";"49";"53";"53"
"703";"2024-01-21 15:21:14";"49";"53";"53"
"704";"2024-01-21 15:21:15";"49";"53";"53"
"705";"2024-01-21 15:21:16";"49";"53";"53"
"706";"2024-01-21 15:21:17";"49";"53";"53"
"707";"2024-01-21 15:21:18";"50";"53";"53"
"708";"2024-01-21 15:21:19";"50";"53";"53"
"709";"2024-01-21 15:21:19";"50";"53";"53"
"710";"2024-01-21 15:21:20";"50";"53";"53"
"711";"2024-01-21 15:21:21";"50";"53";"53"
"712";"2024-01-21 15:21:22";"50";"53";"53"
"713";"2024-01-21 15:21:23";"50";"53";"53"
"714";"2024-01-21 15:21:24";"50";"53";"53"
"715";"2024-01-21 15:21:25";"50";"53";"53"
"716";"2024-01-21 15:21:26";"50";"53";"53"
"717";"2024-01-21 15:21:27";"50";"53";"53"
"718";"2024-01-21 15:21:28";"50";"53";"53"
"719";"2024-01-21 15:21:29";"50";"53";"53"
"720";"2024-01-21 15:21:29";"50";"53";"53"
"721";"2024-01-21 15:21:30";"50";"53";"53"
"722";"2024-01-21 15:21:31";"50";"53";"53"
"723";"2024-01-21 15:21:32";"50";"53";"53"
"724";"2024-01-21 15:30:06";"0";"0";"0"
"725";"2024-01-21 15:30:07";"0";"0";"0"
"726";"2024-01-21 15:30:08";"0";"0";"0"
"727";"2024-01-21 15:30:10";"49";"0";"0"
"728";"2024-01-21 15:30:11";"49";"52";"0"
"729";"2024-01-21 15:30:11";"49";"52";"51"
"730";"2024-01-21 15:30:12";"49";"52";"51"
"731";"2024-01-21 15:30:13";"49";"52";"51"
"732";"2024-01-21 15:30:14";"49";"52";"51"
"733";"2024-01-21 15:30:15";"49";"52";"51"
"734";"2024-01-21 15:30:16";"49";"52";"51"
"735";"2024-01-21 15:30:18";"49";"52";"51"
"736";"2024-01-21 15:30:19";"49";"52";"51"
"737";"2024-01-21 15:30:21";"49";"52";"51"
"738";"2024-01-21 15:30:24";"49";"51";"51"
"739";"2024-01-21 15:30:25";"49";"51";"51"
"740";"2024-01-21 15:30:26";"49";"51";"51"
"741";"2024-01-21 15:30:29";"49";"51";"51"
"742";"2024-01-21 15:30:29";"49";"51";"51"
"743";"2024-01-21 15:30:30";"49";"51";"51"
"744";"2024-01-21 15:30:31";"49";"51";"51"
"745";"2024-01-21 15:30:32";"49";"51";"51"
"746";"2024-01-21 15:30:32";"49";"51";"51"
"747";"2024-01-21 15:30:33";"49";"51";"51"
"748";"2024-01-21 15:30:37";"49";"51";"51"
"749";"2024-01-21 15:30:37";"49";"51";"51"
"750";"2024-01-21 15:30:38";"49";"51";"51"
"751";"2024-01-21 15:30:39";"49";"51";"51"
"752";"2024-01-21 15:30:40";"49";"51";"51"
"753";"2024-01-21 15:30:41";"49";"51";"51"
"754";"2024-01-21 15:30:42";"49";"51";"51"
"755";"2024-01-21 15:30:42";"49";"51";"51"
"756";"2024-01-21 15:30:44";"49";"51";"51"
"757";"2024-01-21 15:30:45";"49";"51";"51"
"758";"2024-01-21 15:30:46";"49";"51";"51"
"759";"2024-01-21 15:30:49";"49";"51";"51"
"760";"2024-01-21 15:30:50";"49";"51";"51"
"761";"2024-01-21 15:30:56";"49";"51";"51"
"762";"2024-01-21 15:30:57";"49";"51";"51"
"763";"2024-01-21 15:30:59";"49";"51";"51"
"764";"2024-01-21 15:30:59";"49";"51";"51"
"765";"2024-01-21 15:31:00";"49";"51";"51"
"766";"2024-01-21 15:31:00";"49";"51";"51"
"767";"2024-01-21 15:31:08";"49";"51";"51"
"768";"2024-01-21 15:31:08";"49";"51";"50"
"769";"2024-01-21 15:31:09";"49";"51";"50"
"770";"2024-01-21 15:31:10";"49";"51";"50"
"771";"2024-01-21 15:31:10";"49";"51";"51"
"772";"2024-01-21 15:31:11";"49";"51";"50"
"773";"2024-01-21 15:31:12";"49";"51";"50"
"774";"2024-01-21 15:31:12";"49";"51";"50"
"775";"2024-01-21 15:31:13";"49";"51";"50"
"776";"2024-01-21 15:31:14";"49";"51";"50"
"777";"2024-01-21 15:31:15";"49";"51";"50"
"778";"2024-01-21 15:31:16";"49";"51";"50"
"779";"2024-01-21 15:31:17";"49";"51";"50"
"780";"2024-01-21 15:31:18";"49";"51";"50"
"781";"2024-01-21 15:31:19";"49";"51";"50"
"782";"2024-01-21 15:31:20";"49";"51";"50"
"783";"2024-01-21 15:31:21";"49";"51";"50"
"784";"2024-01-21 15:31:22";"49";"51";"50"
"785";"2024-01-21 15:31:22";"49";"51";"50"
"786";"2024-01-21 15:31:23";"49";"51";"50"
"787";"2024-01-21 15:31:24";"49";"51";"50"
"788";"2024-01-21 15:31:25";"49";"51";"50"
"789";"2024-01-21 15:31:27";"49";"51";"50"
"790";"2024-01-21 15:31:27";"49";"51";"50"
"791";"2024-01-21 15:31:28";"49";"51";"50"
"792";"2024-01-21 15:31:30";"49";"51";"50"
"793";"2024-01-21 15:31:30";"49";"51";"50"
"794";"2024-01-21 15:31:31";"49";"51";"50"
"795";"2024-01-21 15:31:32";"49";"51";"50"
"796";"2024-01-21 15:31:33";"49";"51";"50"
"797";"2024-01-21 15:31:34";"49";"51";"50"
"798";"2024-01-21 15:31:35";"49";"51";"50"
"799";"2024-01-21 15:31:36";"49";"51";"50"
"800";"2024-01-21 15:31:37";"49";"51";"50"
"801";"2024-01-21 15:31:38";"49";"51";"50"
"802";"2024-01-21 15:31:39";"49";"51";"50"
"803";"2024-01-21 15:31:40";"49";"51";"50"
"804";"2024-01-21 15:31:40";"49";"51";"50"
"805";"2024-01-21 15:31:41";"49";"51";"50"
"806";"2024-01-21 15:31:45";"49";"51";"50"
"807";"2024-01-21 15:31:45";"49";"51";"50"
"808";"2024-01-21 15:31:46";"49";"51";"50"
"809";"2024-01-21 15:31:47";"49";"51";"50"
"810";"2024-01-21 15:31:48";"49";"51";"50"
"811";"2024-01-21 15:31:49";"49";"51";"50"
"812";"2024-01-21 15:31:50";"49";"51";"50"
"813";"2024-01-21 15:31:51";"49";"51";"50"
"814";"2024-01-21 15:31:52";"49";"51";"50"
"815";"2024-01-21 15:31:52";"49";"51";"50"
"816";"2024-01-21 15:31:53";"49";"51";"50"
"817";"2024-01-21 15:31:54";"49";"51";"50"
"818";"2024-01-21 15:31:55";"49";"51";"50"
"819";"2024-01-21 15:31:56";"49";"51";"50"
"820";"2024-01-21 15:31:58";"49";"51";"50"
"821";"2024-01-21 15:31:59";"49";"51";"50"
"822";"2024-01-21 15:31:59";"49";"51";"50"
"823";"2024-01-21 15:32:00";"49";"51";"50"
"824";"2024-01-21 15:32:01";"49";"51";"50"
"825";"2024-01-21 15:32:02";"49";"51";"50"
"826";"2024-01-21 15:32:02";"49";"51";"50"
"827";"2024-01-21 15:32:03";"49";"51";"50"
"828";"2024-01-21 15:32:04";"49";"51";"50"
"829";"2024-01-21 15:32:05";"49";"51";"50"
"830";"2024-01-21 15:32:06";"49";"51";"50"
"831";"2024-01-21 15:32:07";"49";"51";"50"
"832";"2024-01-21 15:32:08";"49";"51";"50"
"833";"2024-01-21 15:32:09";"49";"51";"50"
"834";"2024-01-21 15:32:14";"49";"51";"50"
"835";"2024-01-21 15:32:14";"49";"51";"50"
"836";"2024-01-21 15:32:15";"49";"51";"50"
"837";"2024-01-21 15:32:16";"49";"51";"50"
"838";"2024-01-21 15:32:17";"49";"51";"50"
"839";"2024-01-21 15:32:18";"49";"51";"50"
"840";"2024-01-21 15:32:19";"49";"51";"50"
"841";"2024-01-21 15:32:20";"49";"51";"50"
"842";"2024-01-21 15:32:20";"49";"51";"50"
"843";"2024-01-21 15:32:21";"49";"51";"50"
"844";"2024-01-21 15:37:34";"0";"0";"0"
"845";"2024-01-21 15:37:35";"0";"0";"0"
"846";"2024-01-21 15:37:36";"0";"0";"0"
"847";"2024-01-21 15:37:42";"0";"0";"0"
"848";"2024-01-21 15:37:42";"0";"0";"0"
"849";"2024-01-21 15:37:46";"0";"0";"0"
"850";"2024-01-21 15:38:07";"0";"0";"0"
"851";"2024-01-21 15:38:08";"0";"0";"0"
"852";"2024-01-21 15:38:09";"0";"0";"0"
"853";"2024-01-21 15:38:09";"48";"0";"0"
"854";"2024-01-21 15:38:13";"48";"50";"0"
"855";"2024-01-21 15:38:14";"48";"50";"49"
"856";"2024-01-21 15:38:14";"48";"50";"49"
"857";"2024-01-21 15:38:16";"48";"50";"49"
"858";"2024-01-21 15:38:24";"48";"50";"49"
"859";"2024-01-21 15:38:24";"48";"50";"49"
"860";"2024-01-21 15:38:25";"48";"50";"49"
"861";"2024-01-21 15:38:29";"48";"50";"49"
"862";"2024-01-21 15:38:30";"48";"50";"49"
"863";"2024-01-21 15:38:31";"48";"50";"49"
"864";"2024-01-21 15:38:31";"48";"50";"49"
"865";"2024-01-21 15:38:32";"48";"50";"49"
"866";"2024-01-21 15:38:33";"48";"50";"49"
"867";"2024-01-21 15:38:34";"48";"50";"49"
"868";"2024-01-21 15:38:35";"48";"50";"49"
"869";"2024-01-21 15:38:36";"48";"50";"49"
"870";"2024-01-21 15:38:37";"48";"50";"49"
"871";"2024-01-21 15:38:38";"48";"50";"49"
"872";"2024-01-21 15:38:38";"48";"50";"49"
"873";"2024-01-21 15:38:39";"48";"50";"49"
"874";"2024-01-21 15:38:41";"48";"50";"49"
"875";"2024-01-21 15:38:41";"48";"50";"49"
"876";"2024-01-21 15:38:42";"48";"50";"49"
"877";"2024-01-21 15:38:43";"48";"50";"49"
"878";"2024-01-21 15:38:44";"48";"50";"49"
"879";"2024-01-21 15:38:45";"48";"50";"49"
"880";"2024-01-21 15:38:46";"48";"50";"49"
"881";"2024-01-21 15:38:47";"48";"50";"49"
"882";"2024-01-21 15:38:47";"48";"50";"49"
"883";"2024-01-21 15:38:48";"48";"50";"49"
"884";"2024-01-21 15:38:49";"48";"50";"49"
"885";"2024-01-21 15:38:51";"48";"50";"49"
"886";"2024-01-21 15:38:51";"48";"50";"49"
"887";"2024-01-21 15:38:53";"48";"50";"49"
"888";"2024-01-21 15:38:53";"48";"50";"49"
"889";"2024-01-21 15:38:54";"48";"50";"49"
"890";"2024-01-21 15:38:55";"48";"50";"49"
"891";"2024-01-21 15:38:56";"48";"50";"49"
"892";"2024-01-21 15:38:57";"48";"50";"49"
"893";"2024-01-21 15:38:57";"48";"50";"49"
"894";"2024-01-21 15:38:58";"48";"50";"49"
"895";"2024-01-21 15:38:59";"48";"50";"49"
"896";"2024-01-21 15:39:01";"48";"50";"49"
"897";"2024-01-21 15:39:01";"48";"50";"49"
"898";"2024-01-21 15:39:02";"48";"50";"49"
"899";"2024-01-21 15:39:03";"48";"50";"49"
"900";"2024-01-21 15:39:04";"48";"50";"49"
"901";"2024-01-21 15:39:05";"48";"50";"49"
"902";"2024-01-21 15:39:07";"48";"50";"49"
"903";"2024-01-21 15:39:08";"48";"50";"49"
"904";"2024-01-21 15:39:08";"48";"50";"49"
"905";"2024-01-21 15:39:09";"48";"50";"49"
"906";"2024-01-21 15:39:10";"48";"50";"49"
"907";"2024-01-21 15:39:11";"48";"50";"49"
"908";"2024-01-21 15:39:14";"48";"50";"49"
"909";"2024-01-21 15:39:15";"48";"50";"49"
"910";"2024-01-21 15:39:16";"48";"50";"49"
"911";"2024-01-21 15:39:17";"48";"50";"49"
"912";"2024-01-21 15:39:18";"48";"50";"49"
"913";"2024-01-21 15:39:18";"48";"50";"49"
"914";"2024-01-21 15:39:19";"48";"50";"49"
"915";"2024-01-21 15:39:20";"48";"50";"49"
"916";"2024-01-21 15:39:21";"48";"50";"49"
"917";"2024-01-21 15:39:22";"48";"50";"49"
"918";"2024-01-21 15:39:23";"48";"50";"49"
"919";"2024-01-21 15:39:24";"48";"50";"49"
"920";"2024-01-21 15:39:25";"48";"50";"49"
"921";"2024-01-21 15:39:26";"48";"50";"49"
"922";"2024-01-21 15:39:27";"48";"50";"49"
"923";"2024-01-21 15:39:28";"48";"50";"49"
"924";"2024-01-21 15:39:28";"48";"50";"49"
"925";"2024-01-21 15:39:29";"48";"50";"49"
"926";"2024-01-21 15:39:30";"48";"50";"49"
"927";"2024-01-21 15:39:31";"48";"50";"49"
"928";"2024-01-21 15:39:32";"48";"50";"49"
"929";"2024-01-21 15:39:33";"48";"50";"49"
"930";"2024-01-21 15:39:34";"48";"50";"49"
"931";"2024-01-21 15:39:35";"48";"50";"49"
"932";"2024-01-21 15:39:36";"48";"50";"49"
"933";"2024-01-21 15:39:37";"48";"50";"49"
"934";"2024-01-21 15:39:38";"48";"50";"49"
"935";"2024-01-21 15:39:38";"48";"50";"49"
"936";"2024-01-21 15:39:39";"48";"50";"49"
"937";"2024-01-21 15:39:40";"48";"50";"49"
"938";"2024-01-21 15:39:41";"48";"50";"49"
"939";"2024-01-21 15:39:42";"48";"50";"49"
"940";"2024-01-21 15:39:43";"48";"50";"49"
"941";"2024-01-21 15:39:44";"48";"50";"49"
"942";"2024-01-21 15:39:45";"48";"50";"49"
"943";"2024-01-21 15:39:46";"48";"50";"49"
"944";"2024-01-21 15:39:47";"47";"50";"49"
"945";"2024-01-21 15:39:48";"47";"49";"49"
"946";"2024-01-21 15:39:48";"47";"49";"49"
"947";"2024-01-21 15:39:49";"47";"49";"49"
"948";"2024-01-21 15:39:50";"47";"49";"49"
"949";"2024-01-21 15:39:51";"47";"49";"49"
"950";"2024-01-21 15:39:52";"47";"49";"49"
"951";"2024-01-21 15:39:53";"47";"49";"49"
"952";"2024-01-21 15:39:54";"47";"49";"49"
"953";"2024-01-21 15:39:55";"47";"49";"49"
"954";"2024-01-21 15:39:56";"47";"49";"49"
"955";"2024-01-21 15:39:57";"47";"49";"49"
"956";"2024-01-21 15:39:58";"47";"49";"49"
"957";"2024-01-21 15:39:58";"47";"49";"49"
"958";"2024-01-21 15:39:59";"47";"49";"49"
"959";"2024-01-21 15:40:00";"47";"49";"49"
"960";"2024-01-21 15:40:01";"47";"49";"49"
"961";"2024-01-21 15:40:02";"47";"49";"49"
"962";"2024-01-21 15:40:03";"47";"49";"49"
"963";"2024-01-21 15:40:04";"47";"49";"49"
"964";"2024-01-21 15:40:05";"47";"49";"49"
"965";"2024-01-21 15:40:06";"47";"49";"49"
"966";"2024-01-21 15:40:07";"47";"49";"49"
"967";"2024-01-21 15:40:08";"47";"49";"49"
"968";"2024-01-21 15:40:08";"47";"49";"49"
"969";"2024-01-21 15:40:09";"47";"49";"49"
"970";"2024-01-21 15:40:10";"47";"49";"49"
"971";"2024-01-21 15:40:11";"47";"49";"49"
"972";"2024-01-21 15:40:12";"47";"49";"49"
"973";"2024-01-21 15:40:13";"47";"49";"49"
"974";"2024-01-21 15:40:14";"47";"49";"49"
"975";"2024-01-21 15:40:15";"47";"49";"49"
"976";"2024-01-21 15:40:16";"47";"49";"49"
"977";"2024-01-21 15:40:17";"47";"49";"49"
"978";"2024-01-21 15:40:18";"47";"49";"49"
"979";"2024-01-21 15:40:18";"47";"49";"49"
"980";"2024-01-21 15:40:19";"47";"49";"49"
"981";"2024-01-21 15:40:20";"47";"49";"49"
"982";"2024-01-21 15:40:21";"47";"49";"49"
"983";"2024-01-21 15:40:22";"47";"49";"49"
"984";"2024-01-21 15:40:23";"47";"49";"49"
"985";"2024-01-21 15:40:24";"47";"49";"49"
"986";"2024-01-21 15:40:25";"47";"49";"49"
"987";"2024-01-21 15:40:26";"47";"49";"49"
"988";"2024-01-21 15:40:27";"47";"49";"49"
"989";"2024-01-21 15:40:28";"47";"49";"49"
"990";"2024-01-21 15:40:28";"47";"49";"49"
"991";"2024-01-21 15:40:29";"47";"49";"49"
"992";"2024-01-21 15:40:30";"47";"49";"49"
"993";"2024-01-21 15:40:31";"47";"49";"49"
"994";"2024-01-21 15:40:32";"47";"49";"49"
"995";"2024-01-21 15:40:33";"47";"49";"49"
"996";"2024-01-21 15:40:34";"47";"49";"49"
"997";"2024-01-21 15:40:35";"47";"49";"49"
"998";"2024-01-21 15:40:36";"47";"49";"49"
"999";"2024-01-21 15:40:37";"47";"49";"49"
"1000";"2024-01-21 15:40:38";"47";"49";"49"
"1001";"2024-01-21 15:40:38";"47";"49";"49"
"1002";"2024-01-21 15:40:39";"47";"49";"49"
"1003";"2024-01-21 15:40:40";"47";"49";"49"
"1004";"2024-01-21 15:40:41";"47";"49";"49"
"1005";"2024-01-21 15:40:42";"47";"49";"49"
"1006";"2024-01-21 15:40:43";"47";"49";"49"
"1007";"2024-01-21 15:40:44";"47";"49";"49"
"1008";"2024-01-21 15:40:45";"47";"49";"49"
"1009";"2024-01-21 15:40:46";"47";"49";"49"
"1010";"2024-01-21 15:40:47";"47";"49";"49"
"1011";"2024-01-21 15:40:48";"47";"49";"49"
"1012";"2024-01-21 15:40:48";"47";"49";"49"
"1013";"2024-01-21 15:40:49";"47";"49";"49"
"1014";"2024-01-21 15:40:50";"47";"49";"49"
"1015";"2024-01-21 15:40:51";"47";"49";"49"
"1016";"2024-01-21 15:40:52";"47";"49";"49"
"1017";"2024-01-21 15:40:53";"47";"49";"49"
"1018";"2024-01-21 15:40:54";"47";"49";"49"
"1019";"2024-01-21 15:40:55";"47";"49";"49"
"1020";"2024-01-21 15:40:56";"47";"49";"49"
"1021";"2024-01-21 15:40:57";"47";"49";"49"
"1022";"2024-01-21 15:40:58";"47";"49";"49"
"1023";"2024-01-21 15:40:58";"47";"49";"49"
"1024";"2024-01-21 15:40:59";"47";"49";"49"
"1025";"2024-01-21 15:41:00";"47";"49";"49"
"1026";"2024-01-21 15:41:01";"47";"49";"49"
"1027";"2024-01-21 15:41:02";"47";"49";"49"
"1028";"2024-01-21 15:41:03";"47";"49";"49"
"1029";"2024-01-21 15:41:04";"47";"49";"49"
"1030";"2024-01-21 15:41:05";"47";"49";"49"
"1031";"2024-01-21 15:41:06";"47";"49";"49"
"1032";"2024-01-21 15:41:07";"47";"49";"49"
"1033";"2024-01-21 15:41:08";"47";"49";"49"
"1034";"2024-01-21 15:41:08";"47";"49";"49"
"1035";"2024-01-21 15:41:09";"47";"49";"49"
"1036";"2024-01-21 15:41:10";"47";"49";"49"
"1037";"2024-01-21 15:41:14";"47";"49";"49"
"1038";"2024-01-21 15:41:14";"47";"49";"49"
"1039";"2024-01-21 15:41:15";"47";"49";"49"
"1040";"2024-01-21 15:41:16";"47";"49";"49"
"1041";"2024-01-21 15:41:17";"46";"49";"49"
"1042";"2024-01-21 15:41:18";"46";"49";"49"
"1043";"2024-01-21 15:41:18";"46";"49";"49"
"1044";"2024-01-21 15:41:19";"46";"49";"49"
"1045";"2024-01-21 15:41:20";"46";"49";"49"
"1046";"2024-01-21 15:41:21";"46";"49";"49"
"1047";"2024-01-21 15:41:22";"46";"49";"49"
"1048";"2024-01-21 15:41:23";"46";"49";"49"
"1049";"2024-01-21 15:41:24";"46";"49";"49"
"1050";"2024-01-21 15:41:25";"46";"49";"49"
"1051";"2024-01-21 15:41:26";"46";"49";"49"
"1052";"2024-01-21 15:41:27";"46";"49";"49"
"1053";"2024-01-21 15:41:28";"46";"49";"49"
"1054";"2024-01-21 15:41:28";"46";"49";"49"
"1055";"2024-01-21 15:41:29";"46";"49";"49"
"1056";"2024-01-21 15:41:30";"46";"49";"49"
"1057";"2024-01-21 15:41:31";"46";"49";"49"
"1058";"2024-01-21 15:41:32";"46";"49";"49"
"1059";"2024-01-21 15:41:33";"46";"49";"49"
"1060";"2024-01-21 15:41:34";"46";"49";"49"
"1061";"2024-01-21 15:41:35";"46";"49";"49"
"1062";"2024-01-21 15:41:36";"46";"49";"49"
"1063";"2024-01-21 15:41:37";"46";"49";"49"
"1064";"2024-01-21 15:41:38";"46";"49";"49"
"1065";"2024-01-21 15:41:38";"46";"49";"49"
"1066";"2024-01-21 15:41:39";"46";"49";"49"
"1067";"2024-01-21 15:41:40";"46";"49";"49"
"1068";"2024-01-21 15:41:41";"46";"49";"49"
"1069";"2024-01-21 15:41:42";"46";"49";"49"
"1070";"2024-01-21 15:41:43";"46";"49";"49"
"1071";"2024-01-21 15:41:44";"46";"49";"49"
"1072";"2024-01-21 15:41:45";"46";"49";"49"
"1073";"2024-01-21 15:41:46";"46";"49";"49"
"1074";"2024-01-21 15:41:47";"45";"49";"49"
"1075";"2024-01-21 15:41:48";"45";"49";"49"
"1076";"2024-01-21 15:41:48";"45";"49";"48"
"1077";"2024-01-21 15:41:49";"45";"49";"48"
"1078";"2024-01-21 15:41:50";"45";"49";"48"
"1079";"2024-01-21 15:41:51";"45";"49";"48"
"1080";"2024-01-21 15:41:52";"45";"49";"48"
"1081";"2024-01-21 15:41:53";"45";"49";"48"
"1082";"2024-01-21 15:41:54";"45";"49";"48"
"1083";"2024-01-21 15:41:55";"45";"49";"48"
"1084";"2024-01-21 15:41:56";"45";"49";"48"
"1085";"2024-01-21 15:41:57";"45";"49";"48"
"1086";"2024-01-21 15:41:58";"45";"48";"48"
"1087";"2024-01-21 15:41:58";"45";"48";"48"
"1088";"2024-01-21 15:41:59";"45";"48";"48"
"1089";"2024-01-21 15:42:00";"45";"48";"48"
"1090";"2024-01-21 15:42:01";"45";"48";"48"
"1091";"2024-01-21 15:42:02";"45";"48";"48"
"1092";"2024-01-21 15:42:03";"45";"48";"48"
"1093";"2024-01-21 15:42:04";"45";"48";"48"
"1094";"2024-01-21 15:42:05";"45";"48";"48"
"1095";"2024-01-21 15:42:06";"45";"48";"48"
"1096";"2024-01-21 15:42:07";"45";"48";"48"
"1097";"2024-01-21 15:42:08";"45";"48";"48"
"1098";"2024-01-21 15:42:08";"45";"48";"48"
"1099";"2024-01-21 15:42:09";"45";"48";"48"
"1100";"2024-01-21 15:42:10";"45";"48";"48"
"1101";"2024-01-21 15:42:11";"45";"48";"48"
"1102";"2024-01-21 15:42:12";"45";"48";"48"
"1103";"2024-01-21 15:42:13";"45";"48";"48"
"1104";"2024-01-21 15:42:14";"45";"48";"48"
"1105";"2024-01-21 15:42:15";"45";"48";"48"
"1106";"2024-01-21 15:42:16";"45";"48";"48"
"1107";"2024-01-21 15:42:17";"44";"48";"48"
"1108";"2024-01-21 15:42:18";"44";"48";"48"
"1109";"2024-01-21 15:42:18";"44";"48";"48"
"1110";"2024-01-21 15:42:19";"44";"48";"48"
"1111";"2024-01-21 15:42:20";"44";"48";"48"
"1112";"2024-01-21 15:42:21";"44";"48";"48"
"1113";"2024-01-21 15:42:22";"44";"48";"48"
"1114";"2024-01-21 15:42:23";"44";"48";"48"
"1115";"2024-01-21 15:42:24";"44";"48";"48"
"1116";"2024-01-21 15:42:25";"44";"48";"48"
"1117";"2024-01-21 15:42:26";"44";"48";"48"
"1118";"2024-01-21 15:42:27";"44";"48";"48"
"1119";"2024-01-21 15:42:28";"44";"48";"48"
"1120";"2024-01-21 15:42:28";"44";"48";"48"
"1121";"2024-01-21 15:42:29";"44";"48";"48"
"1122";"2024-01-21 15:42:30";"44";"48";"48"
"1123";"2024-01-21 15:42:31";"44";"48";"48"
"1124";"2024-01-21 15:42:32";"44";"48";"48"
"1125";"2024-01-21 15:42:33";"44";"48";"48"
"1126";"2024-01-21 15:42:34";"44";"48";"48"
"1127";"2024-01-21 15:42:35";"44";"48";"48"
"1128";"2024-01-21 15:42:36";"44";"48";"48"
"1129";"2024-01-21 15:42:37";"44";"48";"48"
"1130";"2024-01-21 15:42:38";"44";"48";"48"
"1131";"2024-01-21 15:42:38";"44";"48";"48"
"1132";"2024-01-21 15:42:39";"44";"48";"48"
"1133";"2024-01-21 15:42:40";"44";"48";"48"
"1134";"2024-01-21 15:42:41";"44";"48";"48"
"1135";"2024-01-21 15:42:42";"44";"48";"48"
"1136";"2024-01-21 15:42:43";"44";"48";"48"
"1137";"2024-01-21 15:42:44";"44";"48";"48"
"1138";"2024-01-21 15:42:45";"44";"48";"48"
"1139";"2024-01-21 15:42:46";"44";"48";"48"
"1140";"2024-01-21 15:42:47";"44";"48";"48"
"1141";"2024-01-21 15:42:48";"44";"48";"48"
"1142";"2024-01-21 15:42:48";"44";"48";"48"
"1143";"2024-01-21 15:42:49";"44";"48";"48"
"1144";"2024-01-21 15:42:50";"44";"48";"48"
"1145";"2024-01-21 15:42:51";"44";"48";"48"
"1146";"2024-01-21 15:42:52";"44";"48";"48"
"1147";"2024-01-21 15:42:53";"44";"48";"48"
"1148";"2024-01-21 15:42:54";"44";"48";"48"
"1149";"2024-01-21 15:42:55";"44";"48";"48"
"1150";"2024-01-21 15:42:56";"44";"48";"48"
"1151";"2024-01-21 15:42:57";"44";"48";"48"
"1152";"2024-01-21 15:42:58";"44";"48";"48"
"1153";"2024-01-21 15:42:58";"44";"48";"48"
"1154";"2024-01-21 15:42:59";"44";"48";"48"
"1155";"2024-01-21 15:43:00";"44";"48";"48"
"1156";"2024-01-21 15:43:01";"44";"48";"48"
"1157";"2024-01-21 15:43:02";"44";"48";"48"
"1158";"2024-01-21 15:43:03";"44";"48";"48"
"1159";"2024-01-21 15:43:04";"44";"48";"48"
"1160";"2024-01-21 15:43:05";"44";"48";"48"
"1161";"2024-01-21 15:43:06";"44";"48";"48"
"1162";"2024-01-21 15:43:07";"44";"48";"48"
"1163";"2024-01-21 15:43:08";"44";"48";"48"
"1164";"2024-01-21 15:43:08";"44";"48";"48"
"1165";"2024-01-21 15:43:09";"44";"48";"48"
"1166";"2024-01-21 15:43:10";"44";"48";"48"
"1167";"2024-01-21 15:43:11";"44";"48";"48"
"1168";"2024-01-21 15:43:12";"44";"48";"48"
"1169";"2024-01-21 15:43:13";"44";"48";"48"
"1170";"2024-01-21 15:43:14";"44";"48";"48"
"1171";"2024-01-21 15:43:15";"44";"48";"48"
"1172";"2024-01-21 15:43:16";"44";"48";"48"
"1173";"2024-01-21 15:43:17";"44";"48";"48"
"1174";"2024-01-21 15:43:21";"44";"48";"48"
"1175";"2024-01-21 15:43:21";"44";"48";"48"
"1176";"2024-01-21 15:43:25";"44";"48";"48"
"1177";"2024-01-21 15:43:25";"44";"48";"48"
"1178";"2024-01-21 15:43:26";"44";"48";"48"
"1179";"2024-01-21 15:43:27";"44";"48";"48"
"1180";"2024-01-21 15:43:28";"44";"48";"48"
"1181";"2024-01-21 15:43:29";"44";"48";"48"
"1182";"2024-01-21 15:43:30";"44";"48";"48"
"1183";"2024-01-21 15:43:31";"44";"48";"48"
"1184";"2024-01-21 15:43:32";"44";"48";"48"
"1185";"2024-01-21 16:43:11";"0";"0";"0"
"1186";"2024-01-21 16:43:12";"0";"0";"0"
"1187";"2024-01-21 16:43:13";"0";"0";"0"
"1188";"2024-01-21 16:43:14";"0";"0";"0"
"1189";"2024-01-21 16:43:15";"0";"0";"0"
"1190";"2024-01-21 16:43:16";"0";"0";"0"
"1191";"2024-01-21 16:43:17";"33";"0";"0"
"1192";"2024-01-21 16:43:18";"33";"30";"0"
"1193";"2024-01-21 16:43:18";"33";"30";"32"
"1194";"2024-01-21 16:43:19";"33";"30";"32"
"1195";"2024-01-21 16:43:20";"33";"30";"32"
"1196";"2024-01-21 16:43:21";"33";"30";"32"
